<?xml version="1.0" encoding="UTF-8"?>
<!DOCTYPE mapper PUBLIC "-//mybatis.org//DTD Mapper 3.0//EN"
"http://mybatis.org/dtd/mybatis-3-mapper.dtd">
<mapper namespace="Apply">
	<resultMap type="Apply" id="ApplyResult">
		<result property="board_num" column="board_num" />
		<result property="board_type" column="board_type" />
		<result property="member_id" column="member_id" />
	</resultMap>
	
	<insert id="apply">
		insert into m_apply values (#{board_num}, #{board_type}, #{member_id})
	</insert>
	
	<select id="applyList" parameterType="int" resultType="Member">
		select * from member m join m_apply a on m.member_id = a.member_id where board_num = #{board_num}
	</select>
	
	<select id="mbCheck" parameterType="Apply" resultType="int">
		select count(*) from m_apply where board_num =#{board_num} and member_id=#{member_id}
	</select>
</mapper>