<?xml version="1.0" encoding="UTF-8"?>
<!DOCTYPE mapper PUBLIC "-//mybatis.org//DTD Mapper 3.0//EN"
"http://mybatis.org/dtd/mybatis-3-mapper.dtd">
<mapper namespace="Board">
	<resultMap type="Board" id="BoardResult">
		<result property="board_num" column="board_num" />
		<result property="board_type" column="board_type" />
		<result property="board_content" column="board_content" />
		<result property="member_id" column="member_id" />
		<result property="board_file" column="board_file" />
		<result property="board_title" column="board_title" />
		<result property="board_date" column="board_date" />
		<result property="board_hit" column="board_hit" />
		<result property="board_up" column="board_up" />
		<result property="time" column="time" />
		<result property="men" column="men" />
		<result property="shop_num" column="shop_num" />
		<result property="board_kind" column="board_kind" />
		<result property="nickName" column="nickName" />
	</resultMap>

	<select id="mblistAll" parameterType="Board" resultMap="BoardResult">
		select *
		from ( select rownum rn, a.* from
		(select * from board b join member m on b.member_id=m.member_id where

		(
		<if test="field != null">
			<choose>
				<when test="field == 'board_title'">board_title</when>
				<when test="field == 'nickName'">nickName</when>
			</choose>

			like '%' || #{search} || '%' and board_type='번개')order by board_num)
			a)
			where rn between #{start} and #{end}
		</if>
	</select>
	<select id="mbtotal" parameterType="Board" resultType="int">

		select count(*) from board join member using(member_id)
		<if test="field !=null and !field.equals('')">
			<choose>
				<when test="field == 'board_title'"> where board_title like '%' || #{search} || '%' and
					board_type='번개' </when>
				<when test="field == 'nickName'"> where nickName like '%' || #{search} || '%' and
					board_type='번개'  </when>
			</choose>

		</if>

	</select>

	<insert id="meetingInsert" parameterType="Board">
		insert into board
		values (BOARD_SEQ.nextval, '번개', #{board_content}, #{member_id}, null,
		#{board_title}, sysdate, 0, 0, #{time}, #{men}, #{shop_num}, null)
	</insert>

	<select id="meetingDetail" parameterType="int" resultType="Board">
		select * from
		(select * from board join shop using (shop_num)) a
		join
		member m using (member_id) where board_num = #{board_num}
	</select>

	<update id="mbupHit">
		update board set board_hit = board_hit + 1 where
		board_num = #{board_num}
	</update>

	<select id="mbUpdateForm" parameterType="int" resultMap="BoardResult">
		select *
		from board where board_num=#{board_num}
	</select>

	<update id="mbUpdate" parameterType="Board">
		update board set
		board_content=#{board_content}, board_title=#{board_title},
		time=#{time}, men=#{men}, shop_num=#{shop_num}
		where board_num
		=#{board_num}
	</update>

	<delete id="mbDelete" parameterType="int">
		delete from board where
		board_num=#{board_num}
	</delete>

	<select id="fbList" parameterType="Board" resultType="Board">
		select *
		from ( select rownum rn, a.* from
		(select * from board b join member m on b.member_id=m.member_id where

		(
		<if test="field != null">
			<choose>
				<when test="field == 'board_title'">board_title</when>
				<when test="field == 'nickName'">nickName</when>
			</choose>

			like '%' || #{search} || '%' and board_type='자유')order by board_num)
			a)
			where rn between #{start} and #{end}
		</if>
	</select>

	<select id="fbTotal" parameterType="Board" resultType="int" >
   
      select count(*) from board join member using(member_id)  
      <if test = "field !=null and !field.equals('')">
          <choose>
           <when test="field == 'board_title'"> where board_title like '%' || #{search} || '%' and board_type='자유' </when>
           <when test="field == 'nickName'"> where nickName like '%' || #{search} || '%' and board_type='자유'  </when>
          </choose>
        
        </if>
    
   </select>

	<insert id="fbWrite" parameterType="Board">
		insert into board values
		(board_seq.nextval, '자유', #{board_content}, #{member_id} ,
		#{board_file}, #{board_title} , sysdate, 0, 0, null, null, null,
		#{board_kind})
	</insert>

	<select id="fbDetail" resultType="Board" parameterType="int">
		select *
		from board b join member m on b.member_id=m.member_id where
		board_num=#{board_num}
	</select>

	<update id="fbHit" parameterType="int">
		update board set board_hit =
		board_hit + 1 where board_num = #{board_num}
	</update>

	<update id="fbUp" parameterType="int">
		update board set board_up =
		board_up + 1 where board_num = #{board_num}
	</update>

	<select id="fbUpdateForm" parameterType="int" resultType="Board">
		select
		* from board where board_num=#{board_num}
	</select>

	<update id="fbUpdate" parameterType="Board">
		update board set
		board_content=#{board_content}, board_file=#{board_file},
		board_title=#{board_title}, board_kind=#{board_kind} where board_num =
		#{board_num}
	</update>

	<delete id="fbDelete" parameterType="int">
		delete from board where
		board_num=#{board_num}
	</delete>

	<select id="gbtotal" resultType="int">
		select count(*) from Board where
		board_type='등업'
	</select>

	<select id="gblist" parameterType="Board" resultType="Board">
		select *
		from (select rownum r, a.*from (select * from board b join member m on b.member_id=m.member_id where board_type =
		'등업' order by Board_num) a) where r between #{start} and #{end}
	</select>

	<select id="gbdetail" parameterType="int" resultType="Board">
		select *
		from Board
		where board_num = #{board_num }
	</select>

	<update id="gbupdate" parameterType="Board">
		UPDATE board SET
		board_title = #{board_title }, board_content = #{board_content } WHERE
		board_num = #{board_num }
	</update>

	<insert id="gbinsert" parameterType="Board">
		insert into board
		values(board_seq.nextVal, '등업', #{board_content},  #{member_id}, null,
		#{board_title}, sysdate, null, null, null, null, null, null)
	</insert>

	<delete id="gbdelete" parameterType="int">
		delete from board where
		board_num = #{board_num}
	</delete>
</mapper>
