<?xml version="1.0" encoding="UTF-8"?>
<!DOCTYPE configuration PUBLIC "-//mybatis.org//DTD Config 3.0//EN"
"http://mybatis.org/dtd/mybatis-3-config.dtd">
<configuration>
	<typeAliases>
		<typeAlias alias="Board" type="oracle.java.s20200501.model.Board" />
		<typeAlias alias="Member" type="oracle.java.s20200501.model.Member" />
		<typeAlias alias="MemberVO" type="oracle.java.s20200501.model.MemberVO" />
		<typeAlias alias="Shop" type="oracle.java.s20200501.model.Shop" />
		<typeAlias alias="Img" type="oracle.java.s20200501.model.Img" />
		<typeAlias alias="Favor" type="oracle.java.s20200501.model.Favor" />
		<typeAlias alias="Star_point" type="oracle.java.s20200501.model.Star_point" />
		<typeAlias alias="Reply" type="oracle.java.s20200501.model.Reply" />
		<typeAlias alias="S_favor" type="oracle.java.s20200501.model.S_favor"/>
		<typeAlias alias="M_favor" type="oracle.java.s20200501.model.M_favor"/>
		<typeAlias alias="Apply" type="oracle.java.s20200501.model.Apply"/>
	</typeAliases>

	<mappers>
		<mapper resource="s20200501/Board.xml" />
		<mapper resource="s20200501/Member.xml" />
		<mapper resource="s20200501/Shop.xml"/>
		<mapper resource="s20200501/Favor.xml"/>
		<mapper resource="s20200501/Star_point.xml"/>
		<mapper resource="s20200501/Img.xml"/>
		<mapper resource="s20200501/Reply.xml"/>
		<mapper resource="s20200501/S_favor.xml"/>
		<mapper resource="s20200501/M_favor.xml"/>
		<mapper resource="s20200501/Apply.xml"/>
	</mappers>
</configuration>