<?xml version="1.0" encoding="UTF-8"?>
<!DOCTYPE mapper PUBLIC "-//mybatis.org//DTD Mapper 3.0//EN" 
"http://mybatis.org/dtd/mybatis-3-mapper.dtd"> 
<mapper namespace="Img">
	<select id="imglist" resultType="Img" parameterType="Img">
		select * from Img where shop_num = #{shop_num}
	</select>
	<delete id="imgdelete" parameterType="Img">
	delete img where shop_num=#{shop_num}
	</delete> 
	<insert id="fileinsert" parameterType="java.util.HashMap">
	Insert INTO img(shop_num,img_num,img) VALUES
 	(#{shop_num},img_seq.nextval,#{simg})
	</insert>
<!-- 	<delete id="allimgdelete" parameterType="Img">
	delete img where shop_num=#{shop_num}
	</delete> -->
</mapper>