<?xml version="1.0" encoding="UTF-8"?>
<!DOCTYPE mapper PUBLIC "-//mybatis.org//DTD Mapper 3.0//EN" "http://mybatis.org/dtd/mybatis-3-mapper.dtd">
<mapper namespace="Member">
 	<select id="MemberLogin" parameterType="Member" resultType="Member">
		select member_id, member_pw, member_kakaoid, member_loc, member_age, 
		member_sex, member_alcohol, member_rank, nickname, photo, member_name, member_email 
		 from member where member_id = #{member_id} and member_pw = #{member_pw}
	</select>

	<select id="listAll" resultType="Member">
		select * from member
	</select>
	
	<insert id="signUp" parameterType="Member">
		insert into member values (#{member_id}, #{member_pw}, #{member_kakaoid}, #{member_loc}, 
		 #{member_age}, #{member_sex}, #{member_alcohol}, #{member_rank}, #{nickname}, 
		 #{photo}, #{member_name})
	</insert>
	
	<select id="joinDetail" parameterType="String" resultType="Member">
		select * from member where member_id = #{member_id}
	</select>
	
	<select id="joinUp" parameterType="MemberVO" statementType="CALLABLE">
		{call Member_Insert3 (
						#{member_id, mode=IN, jdbcType=VARCHAR}
					,	#{member_pw, mode=IN, jdbcType=VARCHAR}
					,	#{member_kakaoid, mode=IN, jdbcType=VARCHAR}
					,	#{member_loc, mode=IN, jdbcType=VARCHAR}
					,	#{member_age, mode=IN, jdbcType=INTEGER}
					,	#{member_sex, mode=IN, jdbcType=VARCHAR}
					,	#{member_alcohol, mode=IN, jdbcType=INTEGER}
					,	#{member_rank, mode=IN, jdbcType=VARCHAR}
					,	#{nickname, mode=IN, jdbcType=VARCHAR}
					,	#{photo, mode=IN, jdbcType=VARCHAR}
					,	#{member_name, mode=IN, jdbcType=VARCHAR}
					,	#{member_email, mode=IN, jdbcType=VARCHAR}
					,	#{omember_id, mode=OUT, jdbcType=VARCHAR}
					,	#{omember_pw, mode=OUT, jdbcType=VARCHAR}
					,	#{omember_kakaoid, mode=OUT, jdbcType=VARCHAR}
					,	#{omember_loc, mode=OUT, jdbcType=VARCHAR}
					,	#{omember_age, mode=OUT, jdbcType=INTEGER}
					,	#{omember_sex, mode=OUT, jdbcType=VARCHAR}
					,	#{omember_alcohol, mode=OUT, jdbcType=INTEGER}
					,	#{omember_rank, mode=OUT, jdbcType=VARCHAR}
					,	#{onickname, mode=OUT, jdbcType=VARCHAR}
					,	#{ophoto, mode=OUT, jdbcType=VARCHAR}
					,	#{omember_name, mode=OUT, jdbcType=VARCHAR}
					,	#{omember_email, mode=OUT, jdbcType=VARCHAR})
		}
	</select>
	
	<select id="myPage" parameterType="String" resultType="Member">
		select member_id, member_pw, member_kakaoid, member_loc, member_age, 
		member_sex, member_alcohol, member_rank, nickname, photo, member_name 
		from member where member_id = #{member_id}
	</select>
	
	<select id="findid" parameterType="Member" resultType="String">
		select member_id from member where nickname = #{nickname}
	</select>
	
	<select id="findPw" parameterType="Member" resultType="String">
		select member_email from member where member_id = #{member_id}
	</select>
		
	<update id="pwUpdate" parameterType="Member">
		update member set member_pw = #{member_pw} where member_id = #{member_id}
	</update>
	
	<update id="modifyUpdate" parameterType="Member">
		update member set member_id = #{member_id}, member_pw = #{member_pw}, member_kakaoid = #{member_kakaoid}, 
		member_loc = #{member_loc}, member_age = #{member_age}, member_sex = #{member_sex}, 
		member_alcohol = #{member_alcohol}, member_rank = #{member_rank}, nickname = #{nickname}, 
		photo = #{photo}, member_name = #{member_name}, member_email = #{member_email} 
		where member_id = #{ori_member_id}
	</update>
	
</mapper>

