<?xml version="1.0" encoding="UTF-8"?>
<!DOCTYPE mapper PUBLIC "-//mybatis.org//DTD Mapper 3.0//EN"
"http://mybatis.org/dtd/mybatis-3-mapper.dtd">
<mapper namespace="Reply">
	<insert id="fbrWrite" parameterType="Reply">
		insert into reply 
		values(reply_seq.nextval, #{board_num}, #{member_id}, #{reply_content}, sysdate, reply_seq.currval, 0, 0)
	</insert>
	
	<select id="fbrList" parameterType="int" resultType="Reply">
		select * from reply r join member m on r.member_id=m.member_id where board_num=#{board_num} order by reply_group, reply_step
	</select>
	
	<update id="replyShape" parameterType="Reply">
		update reply set reply_step=reply_step+1 where reply_group=#{reply_group} and reply_step>#{reply_step}
	</update>
	
	<insert id="fbrrWrite" parameterType="Reply">
		insert into reply 
		values(reply_seq.nextval, #{board_num}, #{member_id}, #{reply_content}, sysdate, #{reply_group}, #{reply_step}+1, #{reply_indent}+1)
	</insert>
	
	<update id="fbrUpdate" parameterType="java.util.HashMap">
		update reply set reply_content = #{rc } where reply_num=#{rn }
	</update>
	
	<delete id="fbrDelete" parameterType="int">
		delete from reply where
		reply_num=#{reply_num}
	</delete>
	
</mapper>