<?xml version="1.0" encoding="UTF-8"?>
<!DOCTYPE mapper PUBLIC "-//mybatis.org//DTD Mapper 3.0//EN" 
"http://mybatis.org/dtd/mybatis-3-mapper.dtd">

<mapper namespace="Shop">
	<resultMap type="Shop" id="ShopResult">
		<result property="shop_num" column="shop_num" />
		<result property="shop_name" column="shop_name" />
		<result property="shop_menu" column="shop_menu" />
		<result property="shop_size" column="shop_size" />
		<result property="shop_loc" column="shop_loc" />
		<result property="shop_time" column="shop_time" />
		<result property="shop_cost" column="shop_cost" />
		<result property="shop_div" column="shop_div" />
		<result property="shop_staravg" column="shop_staravg" />
	</resultMap>

	 <select id="mbshopList" resultMap="ShopResult">
		select * from shop
	</select> 

	<!-- <select id="stotal" resultType="int"> <if test="kind == '' || loc == 
		''"> select count(*) from( select * from (select * from shop s join s_favor 
		sf on s.shop_num=sf.shop_num) ssf join favor f on ssf.favor_num=f.favor_num) 
		ssff where (shop_name like '%' || #{search} || '%') </if> select count(*) 
		from( select * from (select * from shop s join s_favor sf on s.shop_num=sf.shop_num) 
		ssf join favor f on ssf.favor_num=f.favor_num) ssff where favor_kind in (#{kind}) 
		and shop_floc in (#{loc}) and (shop_name like '%' || #{search} || '%') </select> -->
		
	<select id="stotal1" resultType="int"  parameterType="Shop">
		select count(*) from shop where (shop_name like '%' || #{search} || '%')
	</select>

	<select id="stotal2"  resultType="int" parameterType="Shop">
		select count(*) from(
		select * from (select *
		from shop s join s_favor sf on s.shop_num=sf.shop_num)
		ssf join favor f on ssf.favor_num=f.favor_num) ssff
		where shop_floc in (${loc}) and (shop_name like '%' || #{search} || '%')
	</select>
	
	<select id="stotal3"  resultType="int" parameterType="Shop">
		select count(*) from(
		select * from (select *
		from shop s join s_favor sf on s.shop_num=sf.shop_num)
		ssf join favor f on ssf.favor_num=f.favor_num) ssff
		where favor_kind in (${kind}) and (shop_name like '%' || #{search} || '%')
	</select>
	
	<select id="stotal4"  resultType="int" parameterType="Shop">
	
		select count(*) from
		( select * from 
			(select * from shop s join s_favor sf on s.shop_num=sf.shop_num)
		ssf join favor f on ssf.favor_num=f.favor_num) ssff
		where favor_kind in (${kind}) and shop_floc in (${loc}) and (shop_name like '%' || #{search} || '%')
	
	</select>
	
	<select id="slist1" resultType="Shop"  parameterType="Shop">
			select * from
			(select rownum rn, a.* from
			(select * from shop
			where (shop_name like '%' || #{search} || '%')order by shop_num desc) a)
			where rn between #{start} and #{end}
	</select>

	<select id="slist2"  resultType="Shop" parameterType="Shop">
		select * from
		(select rownum r, ssff.* from(
		select * from (select *
		from shop s join s_favor sf on s.shop_num=sf.shop_num)
		ssf join favor f on ssf.favor_num=f.favor_num) ssff
		where shop_floc in (${loc}) and (shop_name like
		'%' || #{search} || '%')
		)
		where r between #{start} and #{end}
	</select>
	
	<select id="slist3"  resultType="Shop" parameterType="Shop">
		select * from
		(select rownum r, ssff.* from(
		select * from (select *
		from shop s join s_favor sf on s.shop_num=sf.shop_num)
		ssf join favor f on ssf.favor_num=f.favor_num) ssff
		where favor_kind in (${kind}) and (shop_name like
		'%' || #{search} || '%')
		)
		where r between #{start} and #{end}
	</select>
	
	<select id="slist4"  resultType="Shop" parameterType="Shop">
		select * from
		(select rownum r, ssff.* from(
		select * from (select *
		from shop s join s_favor sf on s.shop_num=sf.shop_num)
		ssf join favor f on ssf.favor_num=f.favor_num) ssff
		where favor_kind in (${kind}) and shop_floc in (${loc}) and (shop_name like
		'%' || #{search} || '%')
		)
		where r between #{start} and #{end}
	</select>

<!-- 	<select id="slist" resultType="Shop" parameterType="Shop">
		
			select * from
			(select rownum rn, a.* from
			(select * from shop
			where (shop_name like '%' || #{search} || '%')order by shop_num desc) a)
			where rn between #{start} and #{end}
		
		select * from
		(select rownum r, ssff.* from(
		select * from (select *
		from shop s join s_favor sf on s.shop_num=sf.shop_num)
		ssf join favor f on ssf.favor_num=f.favor_num) ssff
		where favor_kind in (#{kind}) and shop_floc in (#{loc}) and (shop_name like
		'%' || #{search} || '%')
		)
		where r between #{start} and #{end}; 
	</select> -->

	<select id="cklist" parameterType="Shop" resultType="string">
		select
		distinct shop_floc from shop
	</select>

	<insert id="s_insert" parameterType="Shop">
		insert into Shop values
		(s_seq.nextval,#{shop_name},#{shop_menu},#{shop_size},
		#{shop_loc},#{shop_time},#{shop_cost},#{shop_div},null,#{shop_floc} )
	</insert>

	<select id="sslect" resultType="Shop">
		select * from shop where
		shop_name=#{shop_name}

	</select>
	<select id="sdetail" resultType="Shop" parameterType="Shop">
		select *
		from Shop where shop_num = #{shop_num}
	</select>

	<update id="shop_staravg" parameterType="Shop">
		update shop set
		shop_staravg = #{shop_staravg} where shop_num = #{shop_num}
	</update>

	<update id="sh_update" parameterType="Shop">
		update shop set
		shop_name=#{shop_name},shop_menu=#{shop_menu},shop_size=#{shop_size},shop_loc=#{shop_loc},
		shop_time=#{shop_time},shop_cost=#{shop_cost},shop_div=#{shop_div},shop_floc=#{shop_floc}
		where shop_num=#{shop_num}
	</update>

	<delete id="sh_delete" parameterType="Shop">
		delete shop where
		shop_num=#{shop_num}
	</delete>

</mapper>