<?xml version="1.0" encoding="UTF-8"?>
<!DOCTYPE mapper PUBLIC "-//mybatis.org//DTD Mapper 3.0//EN" 
"http://mybatis.org/dtd/mybatis-3-mapper.dtd"> 
<mapper namespace="Star_point">
	<select id="reviewList" resultType="Star_point" parameterType="int">
		select * from Star_point where shop_num = #{shop_num}
	</select>
	<select id="rtotal" resultType="int" parameterType="int">
		select count(*) from Star_point where shop_num = #{shop_num}
	</select>
	<insert id="reviewWrite"  parameterType="Star_point">
		insert into star_point values (#{shop_num},#{member_id},#{s_point},#{review})
	</insert>
	<select id="s_pointSum" resultType="int" parameterType="int">
		select  nvl(sum(s_point),0) a from star_point where shop_num = #{shop_num}
	</select>
	<select id="s_pointCount" resultType="int" parameterType="int">
		select count(*) from star_point where shop_num = #{shop_num}
	</select>
	<delete id="review_delete" parameterType="Star_point">
			 delete star_point where shop_num=#{shop_num}
	</delete>
	<update id="reviewModify" parameterType="Star_point" >
      update star_point set s_point = #{s_point}, review = #{review} where shop_num = #{shop_num} and member_id = #{member_id}
   </update>
   <delete id="reviewDelete" parameterType="Star_point">
      delete from star_point where shop_num = #{shop_num} and member_id = #{member_id}
   </delete>
</mapper>